{
	"variables": [],
	"info": {
		"name": "Printy API",
		"_postman_id": "5943fd47-5a2a-c7a2-718c-45105a92775d",
		"description": "",
		"schema": "https://schema.getpostman.com/json/collection/v2.0.0/collection.json"
	},
	"item": [
		{
			"name": "Products",
			"description": "",
			"item": [
				{
					"name": "List all products",
					"request": {
						"url": "{{url}}/api/product",
						"method": "GET",
						"header": [],
						"body": {},
						"description": ""
					},
					"response": []
				},
				{
					"name": "Add a product",
					"request": {
						"url": "{{url}}/api/product",
						"method": "POST",
						"header": [
							{
								"key": "Content-Type",
								"value": "application/json",
								"description": ""
							}
						],
						"body": {
							"mode": "raw",
							"raw": "{\n\t\"name\": \"Naketano Hoodie\",\n\t\"type\": \"hoodie\",\n\t\"color\": \"beige\",\n\t\"size\": \"XL\",\n\t\"price\": 4900\n}\n"
						},
						"description": ""
					},
					"response": []
				}
			]
		},
		{
			"name": "Quotes",
			"description": "",
			"item": [
				{
					"name": "List all quotes",
					"request": {
						"url": "{{url}}/api/quote",
						"method": "GET",
						"header": [],
						"body": {},
						"description": ""
					},
					"response": []
				},
				{
					"name": "List quotes by product type",
					"request": {
						"url": "{{url}}/api/quote/hoodie",
						"method": "GET",
						"header": [],
						"body": {},
						"description": ""
					},
					"response": []
				},
				{
					"name": "Calculate a new quote",
					"request": {
						"url": "{{url}}/api/quote",
						"method": "POST",
						"header": [
							{
								"key": "Content-Type",
								"value": "application/json",
								"description": ""
							}
						],
						"body": {
							"mode": "raw",
							"raw": "{\n  \"products\": [\n    {\n      \"product_id\": 2,\n      \"quantity\": 5\n    },\n    {\n      \"product_id\": 4,\n      \"quantity\": 7\n    }\n  ]\n}\n"
						},
						"description": ""
					},
					"response": []
				}
			]
		}
	]
}